Burger_type_id,name,category,ingredients
bbq_ckn,The Barbecue Chicken Burger,Chicken,"Barbecued Chicken, Red Peppers, Green Peppers, Tomatoes, Red Onions, Barbecue Sauce"
cali_ckn,The California Chicken Burger,Chicken,"Chicken, Artichoke, Spinach, Garlic, Jalapeno Peppers, Fontina Cheese, Gouda Cheese"
ckn_alfredo,The Chicken Alfredo Burger,Chicken,"Chicken, Red Onions, Red Peppers, Mushrooms, Asiago Cheese, Alfredo Sauce"
ckn_pesto,The Chicken Pesto Burger,Chicken,"Chicken, Tomatoes, Red Peppers, Spinach, Garlic, Pesto Sauce"
southw_ckn,The Southwest Chicken Burger,Chicken,"Chicken, Tomatoes, Red Peppers, Red Onions, Jalapeno Peppers, Corn, Cilantro, Chipotle Sauce"
thai_ckn,The Thai Chicken Burger,Chicken,"Chicken, Pineapple, Tomatoes, Red Peppers, Thai Sweet Chilli Sauce"
big_meat,The Big Meat Burger,Classic,"Bacon, Pepperoni, Italian Sausage, Chorizo Sausage"
classic_dlx,The Classic Deluxe Burger,Classic,"Pepperoni, Mushrooms, Red Onions, Red Peppers, Bacon"
hawaiian,The Hawaiian Burger,Classic,"Sliced Ham, Pineapple, Mozzarella Cheese"
ital_cpcllo,The Italian Capocollo Burger,Classic,"Capocollo, Red Peppers, Tomatoes, Goat Cheese, Garlic, Oregano"
napolitana,The Napolitana Burger,Classic,"Tomatoes, Anchovies, Green Olives, Red Onions, Garlic"
pep_msh_pep,"The Pepperoni, Mushroom, and Peppers Burger",Classic,"Pepperoni, Mushrooms, Green Peppers"
pepperoni,The Pepperoni Burger,Classic,"Mozzarella Cheese, Pepperoni"
the_greek,The Greek Burger,Classic,"Kalamata Olives, Feta Cheese, Tomatoes, Garlic, Beef Chuck Roast, Red Onions"
brie_carre,The Brie Carre Burger,Supreme,"Brie Carre Cheese, Prosciutto, Caramelized Onions, Pears, Thyme, Garlic"
calabrese,The Calabrese Burger,Supreme,"�Nduja Salami, Pancetta, Tomatoes, Red Onions, Friggitello Peppers, Garlic"
ital_supr,The Italian Supreme Burger,Supreme,"Calabrese Salami, Capocollo, Tomatoes, Red Onions, Green Olives, Garlic"
peppr_salami,The Pepper Salami Burger,Supreme,"Genoa Salami, Capocollo, Pepperoni, Tomatoes, Asiago Cheese, Garlic"
prsc_argla,The Prosciutto and Arugula Burger,Supreme,"Prosciutto di San Daniele, Arugula, Mozzarella Cheese"
sicilian,The Sicilian Burger,Supreme,"Coarse Sicilian Salami, Tomatoes, Green Olives, Luganega Sausage, Onions, Garlic"
soppressata,The Soppressata Burger,Supreme,"Soppressata Salami, Fontina Cheese, Mozzarella Cheese, Mushrooms, Garlic"
spicy_ital,The Spicy Italian Burger,Supreme,"Capocollo, Tomatoes, Goat Cheese, Artichokes, Peperoncini verdi, Garlic"
spinach_supr,The Spinach Supreme Burger,Supreme,"Spinach, Red Onions, Pepperoni, Tomatoes, Artichokes, Kalamata Olives, Garlic, Asiago Cheese"
five_cheese,The Five Cheese Burger,Veggie,"Mozzarella Cheese, Provolone Cheese, Smoked Gouda Cheese, Romano Cheese, Blue Cheese, Garlic"
four_cheese,The Four Cheese Burger,Veggie,"Ricotta Cheese, Gorgonzola Piccante Cheese, Mozzarella Cheese, Parmigiano Reggiano Cheese, Garlic"
green_garden,The Green Garden Burger,Veggie,"Spinach, Mushrooms, Tomatoes, Green Olives, Feta Cheese"
ital_veggie,The Italian Vegetables Burger,Veggie,"Eggplant, Artichokes, Tomatoes, Zucchini, Red Peppers, Garlic, Pesto Sauce"
mediterraneo,The Mediterranean Burger,Veggie,"Spinach, Artichokes, Kalamata Olives, Sun-dried Tomatoes, Feta Cheese, Plum Tomatoes, Red Onions"
mexicana,The Mexicana Burger,Veggie,"Tomatoes, Red Peppers, Jalapeno Peppers, Red Onions, Cilantro, Corn, Chipotle Sauce, Garlic"
spin_pesto,The Spinach Pesto Burger,Veggie,"Spinach, Artichokes, Tomatoes, Sun-dried Tomatoes, Garlic, Pesto Sauce"
spinach_fet,The Spinach and Feta Burger,Veggie,"Spinach, Mushrooms, Red Onions, Feta Cheese, Garlic"
veggie_veg,The Vegetables + Vegetables Burger,Veggie,"Mushrooms, Tomatoes, Red Peppers, Green Peppers, Red Onions, Zucchini, Spinach, Garlic"
